NONE, EFFECT_HIT,0,NORMAL,0,0,0, MOVE_TARGET_SELECTED,0,0
POUND, EFFECT_HIT,40,NORMAL,100,35,0, MOVE_TARGET_SELECTED,0, FLAG_MAKES_CONTACT | FLAG_PROTECT_AFFECTED | FLAG_MIRROR_MOVE_AFFECTED | FLAG_KINGS_ROCK_AFFECTED
KARATE_CHOP, EFFECT_HIGH_CRITICAL,50,FIGHTING,100,25,0, MOVE_TARGET_SELECTED,0, FLAG_MAKES_CONTACT | FLAG_PROTECT_AFFECTED | FLAG_MIRROR_MOVE_AFFECTED | FLAG_KINGS_ROCK_AFFECTED
DOUBLE_SLAP, EFFECT_MULTI_HIT,15,NORMAL,85,10,0, MOVE_TARGET_SELECTED,0, FLAG_MAKES_CONTACT | FLAG_PROTECT_AFFECTED | FLAG_MIRROR_MOVE_AFFECTED | FLAG_KINGS_ROCK_AFFECTED
COMET_PUNCH, EFFECT_MULTI_HIT,18,NORMAL,85,15,0, MOVE_TARGET_SELECTED,0, FLAG_MAKES_CONTACT | FLAG_PROTECT_AFFECTED | FLAG_MIRROR_MOVE_AFFECTED | FLAG_KINGS_ROCK_AFFECTED
MEGA_PUNCH, EFFECT_HIT,80,NORMAL,85,20,0, MOVE_TARGET_SELECTED,0, FLAG_MAKES_CONTACT | FLAG_PROTECT_AFFECTED | FLAG_MIRROR_MOVE_AFFECTED | FLAG_KINGS_ROCK_AFFECTED
PAY_DAY, EFFECT_PAY_DAY,40,NORMAL,100,20,100, MOVE_TARGET_SELECTED,0, FLAG_PROTECT_AFFECTED | FLAG_MIRROR_MOVE_AFFECTED | FLAG_KINGS_ROCK_AFFECTED
FIRE_PUNCH, EFFECT_BURN_HIT,75,FIRE,100,15,10, MOVE_TARGET_SELECTED,0, FLAG_MAKES_CONTACT | FLAG_PROTECT_AFFECTED | FLAG_MIRROR_MOVE_AFFECTED
ICE_PUNCH, EFFECT_FREEZE_HIT,75,ICE,100,15,10, MOVE_TARGET_SELECTED,0, FLAG_MAKES_CONTACT | FLAG_PROTECT_AFFECTED | FLAG_MIRROR_MOVE_AFFECTED
THUNDER_PUNCH, EFFECT_PARALYZE_HIT,75,ELECTRIC,100,15,10, MOVE_TARGET_SELECTED,0, FLAG_MAKES_CONTACT | FLAG_PROTECT_AFFECTED | FLAG_MIRROR_MOVE_AFFECTED
SCRATCH, EFFECT_HIT,40,NORMAL,100,35,0, MOVE_TARGET_SELECTED,0, FLAG_MAKES_CONTACT | FLAG_PROTECT_AFFECTED | FLAG_MIRROR_MOVE_AFFECTED | FLAG_KINGS_ROCK_AFFECTED
VICE_GRIP, EFFECT_HIT,55,NORMAL,100,30,0, MOVE_TARGET_SELECTED,0, FLAG_MAKES_CONTACT | FLAG_PROTECT_AFFECTED | FLAG_MIRROR_MOVE_AFFECTED | FLAG_KINGS_ROCK_AFFECTED
GUILLOTINE, EFFECT_OHKO,1,NORMAL,30,5,0, MOVE_TARGET_SELECTED,0, FLAG_MAKES_CONTACT | FLAG_PROTECT_AFFECTED | FLAG_MIRROR_MOVE_AFFECTED
RAZOR_WIND, EFFECT_RAZOR_WIND,80,NORMAL,100,10,0, MOVE_TARGET_BOTH,0, FLAG_PROTECT_AFFECTED | FLAG_MIRROR_MOVE_AFFECTED | FLAG_KINGS_ROCK_AFFECTED
SWORDS_DANCE, EFFECT_ATTACK_UP_2,0,NORMAL,0,30,0, MOVE_TARGET_USER,0, FLAG_SNATCH_AFFECTED
CUT, EFFECT_HIT,50,NORMAL,95,30,0, MOVE_TARGET_SELECTED,0, FLAG_MAKES_CONTACT | FLAG_PROTECT_AFFECTED | FLAG_MIRROR_MOVE_AFFECTED | FLAG_KINGS_ROCK_AFFECTED
GUST, EFFECT_GUST,40,FLYING,100,35,0, MOVE_TARGET_SELECTED,0, FLAG_PROTECT_AFFECTED | FLAG_MIRROR_MOVE_AFFECTED | FLAG_KINGS_ROCK_AFFECTED
WING_ATTACK, EFFECT_HIT,60,FLYING,100,35,0, MOVE_TARGET_SELECTED,0, FLAG_MAKES_CONTACT | FLAG_PROTECT_AFFECTED | FLAG_MIRROR_MOVE_AFFECTED | FLAG_KINGS_ROCK_AFFECTED
WHIRLWIND, EFFECT_ROAR,0,NORMAL,100,20,0, MOVE_TARGET_SELECTED,-6, FLAG_PROTECT_AFFECTED | FLAG_MIRROR_MOVE_AFFECTED
FLY, EFFECT_SEMI_INVULNERABLE,70,FLYING,95,15,0, MOVE_TARGET_SELECTED,0, FLAG_MAKES_CONTACT | FLAG_PROTECT_AFFECTED | FLAG_MIRROR_MOVE_AFFECTED | FLAG_KINGS_ROCK_AFFECTED
BIND, EFFECT_TRAP,15,NORMAL,75,20,100, MOVE_TARGET_SELECTED,0, FLAG_MAKES_CONTACT | FLAG_PROTECT_AFFECTED | FLAG_MIRROR_MOVE_AFFECTED | FLAG_KINGS_ROCK_AFFECTED
SLAM, EFFECT_HIT,80,NORMAL,75,20,0, MOVE_TARGET_SELECTED,0, FLAG_MAKES_CONTACT | FLAG_PROTECT_AFFECTED | FLAG_MIRROR_MOVE_AFFECTED | FLAG_KINGS_ROCK_AFFECTED
VINE_WHIP, EFFECT_HIT,35,GRASS,100,10,0, MOVE_TARGET_SELECTED,0, FLAG_MAKES_CONTACT | FLAG_PROTECT_AFFECTED | FLAG_MIRROR_MOVE_AFFECTED | FLAG_KINGS_ROCK_AFFECTED
STOMP, EFFECT_FLINCH_MINIMIZE_HIT,65,NORMAL,100,20,30, MOVE_TARGET_SELECTED,0, FLAG_MAKES_CONTACT | FLAG_PROTECT_AFFECTED | FLAG_MIRROR_MOVE_AFFECTED
DOUBLE_KICK, EFFECT_DOUBLE_HIT,30,FIGHTING,100,30,0, MOVE_TARGET_SELECTED,0, FLAG_MAKES_CONTACT | FLAG_PROTECT_AFFECTED | FLAG_MIRROR_MOVE_AFFECTED | FLAG_KINGS_ROCK_AFFECTED
MEGA_KICK, EFFECT_HIT,120,NORMAL,75,5,0, MOVE_TARGET_SELECTED,0, FLAG_MAKES_CONTACT | FLAG_PROTECT_AFFECTED | FLAG_MIRROR_MOVE_AFFECTED | FLAG_KINGS_ROCK_AFFECTED
JUMP_KICK, EFFECT_RECOIL_IF_MISS,70,FIGHTING,95,25,0, MOVE_TARGET_SELECTED,0, FLAG_MAKES_CONTACT | FLAG_PROTECT_AFFECTED | FLAG_MIRROR_MOVE_AFFECTED | FLAG_KINGS_ROCK_AFFECTED
ROLLING_KICK, EFFECT_FLINCH_HIT,60,FIGHTING,85,15,30, MOVE_TARGET_SELECTED,0, FLAG_MAKES_CONTACT | FLAG_PROTECT_AFFECTED | FLAG_MIRROR_MOVE_AFFECTED | FLAG_KINGS_ROCK_AFFECTED
SAND_ATTACK, EFFECT_ACCURACY_DOWN,0,GROUND,100,15,0, MOVE_TARGET_SELECTED,0, FLAG_PROTECT_AFFECTED | FLAG_MAGIC_COAT_AFFECTED | FLAG_MIRROR_MOVE_AFFECTED
HEADBUTT, EFFECT_FLINCH_HIT,70,NORMAL,100,15,30, MOVE_TARGET_SELECTED,0, FLAG_MAKES_CONTACT | FLAG_PROTECT_AFFECTED | FLAG_MIRROR_MOVE_AFFECTED
HORN_ATTACK, EFFECT_HIT,65,NORMAL,100,25,0, MOVE_TARGET_SELECTED,0, FLAG_MAKES_CONTACT | FLAG_PROTECT_AFFECTED | FLAG_MIRROR_MOVE_AFFECTED | FLAG_KINGS_ROCK_AFFECTED
FURY_ATTACK, EFFECT_MULTI_HIT,15,NORMAL,85,20,0, MOVE_TARGET_SELECTED,0, FLAG_MAKES_CONTACT | FLAG_PROTECT_AFFECTED | FLAG_MIRROR_MOVE_AFFECTED | FLAG_KINGS_ROCK_AFFECTED
HORN_DRILL, EFFECT_OHKO,1,NORMAL,30,5,0, MOVE_TARGET_SELECTED,0, FLAG_MAKES_CONTACT | FLAG_PROTECT_AFFECTED | FLAG_MIRROR_MOVE_AFFECTED
TACKLE, EFFECT_HIT,35,NORMAL,95,35,0, MOVE_TARGET_SELECTED,0, FLAG_MAKES_CONTACT | FLAG_PROTECT_AFFECTED | FLAG_MIRROR_MOVE_AFFECTED | FLAG_KINGS_ROCK_AFFECTED
BODY_SLAM, EFFECT_PARALYZE_HIT,85,NORMAL,100,15,30, MOVE_TARGET_SELECTED,0, FLAG_MAKES_CONTACT | FLAG_PROTECT_AFFECTED | FLAG_MIRROR_MOVE_AFFECTED
WRAP, EFFECT_TRAP,15,NORMAL,85,20,100, MOVE_TARGET_SELECTED,0, FLAG_MAKES_CONTACT | FLAG_PROTECT_AFFECTED | FLAG_MIRROR_MOVE_AFFECTED | FLAG_KINGS_ROCK_AFFECTED
TAKE_DOWN, EFFECT_RECOIL,90,NORMAL,85,20,0, MOVE_TARGET_SELECTED,0, FLAG_MAKES_CONTACT | FLAG_PROTECT_AFFECTED | FLAG_MIRROR_MOVE_AFFECTED | FLAG_KINGS_ROCK_AFFECTED
THRASH, EFFECT_RAMPAGE,90,NORMAL,100,20,100, MOVE_TARGET_RANDOM,0, FLAG_MAKES_CONTACT | FLAG_PROTECT_AFFECTED | FLAG_MIRROR_MOVE_AFFECTED | FLAG_KINGS_ROCK_AFFECTED
DOUBLE_EDGE, EFFECT_DOUBLE_EDGE,120,NORMAL,100,15,0, MOVE_TARGET_SELECTED,0, FLAG_MAKES_CONTACT | FLAG_PROTECT_AFFECTED | FLAG_MIRROR_MOVE_AFFECTED | FLAG_KINGS_ROCK_AFFECTED
TAIL_WHIP, EFFECT_DEFENSE_DOWN,0,NORMAL,100,30,0, MOVE_TARGET_BOTH,0, FLAG_PROTECT_AFFECTED | FLAG_MAGIC_COAT_AFFECTED | FLAG_MIRROR_MOVE_AFFECTED
POISON_STING, EFFECT_POISON_HIT,15,POISON,100,35,30, MOVE_TARGET_SELECTED,0, FLAG_PROTECT_AFFECTED | FLAG_MIRROR_MOVE_AFFECTED
TWINEEDLE, EFFECT_TWINEEDLE,25,BUG,100,20,20, MOVE_TARGET_SELECTED,0, FLAG_PROTECT_AFFECTED | FLAG_MIRROR_MOVE_AFFECTED
PIN_MISSILE, EFFECT_MULTI_HIT,14,BUG,85,20,0, MOVE_TARGET_SELECTED,0, FLAG_PROTECT_AFFECTED | FLAG_MIRROR_MOVE_AFFECTED | FLAG_KINGS_ROCK_AFFECTED
LEER, EFFECT_DEFENSE_DOWN,0,NORMAL,100,30,0, MOVE_TARGET_BOTH,0, FLAG_PROTECT_AFFECTED | FLAG_MAGIC_COAT_AFFECTED | FLAG_MIRROR_MOVE_AFFECTED
BITE, EFFECT_FLINCH_HIT,60,DARK,100,25,30, MOVE_TARGET_SELECTED,0, FLAG_MAKES_CONTACT | FLAG_PROTECT_AFFECTED | FLAG_MIRROR_MOVE_AFFECTED
GROWL, EFFECT_ATTACK_DOWN,0,NORMAL,100,40,0, MOVE_TARGET_BOTH,0, FLAG_PROTECT_AFFECTED | FLAG_MAGIC_COAT_AFFECTED | FLAG_MIRROR_MOVE_AFFECTED
ROAR, EFFECT_ROAR,0,NORMAL,100,20,0, MOVE_TARGET_SELECTED,-6, FLAG_PROTECT_AFFECTED | FLAG_MIRROR_MOVE_AFFECTED
SING, EFFECT_SLEEP,0,NORMAL,55,15,0, MOVE_TARGET_SELECTED,0, FLAG_PROTECT_AFFECTED | FLAG_MAGIC_COAT_AFFECTED | FLAG_MIRROR_MOVE_AFFECTED
SUPERSONIC, EFFECT_CONFUSE,0,NORMAL,55,20,0, MOVE_TARGET_SELECTED,0, FLAG_PROTECT_AFFECTED | FLAG_MAGIC_COAT_AFFECTED | FLAG_MIRROR_MOVE_AFFECTED
SONIC_BOOM, EFFECT_SONICBOOM,1,NORMAL,90,20,0, MOVE_TARGET_SELECTED,0, FLAG_PROTECT_AFFECTED | FLAG_MIRROR_MOVE_AFFECTED | FLAG_KINGS_ROCK_AFFECTED
DISABLE, EFFECT_DISABLE,0,NORMAL,55,20,0, MOVE_TARGET_SELECTED,0, FLAG_PROTECT_AFFECTED | FLAG_MIRROR_MOVE_AFFECTED
ACID, EFFECT_DEFENSE_DOWN_HIT,40,POISON,100,30,10, MOVE_TARGET_BOTH,0, FLAG_PROTECT_AFFECTED | FLAG_MIRROR_MOVE_AFFECTED
EMBER, EFFECT_BURN_HIT,40,FIRE,100,25,10, MOVE_TARGET_SELECTED,0, FLAG_PROTECT_AFFECTED | FLAG_MIRROR_MOVE_AFFECTED
FLAMETHROWER, EFFECT_BURN_HIT,95,FIRE,100,15,10, MOVE_TARGET_SELECTED,0, FLAG_PROTECT_AFFECTED | FLAG_MIRROR_MOVE_AFFECTED
MIST, EFFECT_MIST,0,ICE,0,30,0, MOVE_TARGET_USER,0, FLAG_SNATCH_AFFECTED
WATER_GUN, EFFECT_HIT,40,WATER,100,25,0, MOVE_TARGET_SELECTED,0, FLAG_PROTECT_AFFECTED | FLAG_MIRROR_MOVE_AFFECTED | FLAG_KINGS_ROCK_AFFECTED
HYDRO_PUMP, EFFECT_HIT,120,WATER,80,5,0, MOVE_TARGET_SELECTED,0, FLAG_PROTECT_AFFECTED | FLAG_MIRROR_MOVE_AFFECTED | FLAG_KINGS_ROCK_AFFECTED
SURF, EFFECT_HIT,95,WATER,100,15,0, MOVE_TARGET_BOTH,0, FLAG_PROTECT_AFFECTED | FLAG_MIRROR_MOVE_AFFECTED | FLAG_KINGS_ROCK_AFFECTED
ICE_BEAM, EFFECT_FREEZE_HIT,95,ICE,100,10,10, MOVE_TARGET_SELECTED,0, FLAG_PROTECT_AFFECTED | FLAG_MIRROR_MOVE_AFFECTED
BLIZZARD, EFFECT_FREEZE_HIT,120,ICE,70,5,10, MOVE_TARGET_BOTH,0, FLAG_PROTECT_AFFECTED | FLAG_MIRROR_MOVE_AFFECTED
PSYBEAM, EFFECT_CONFUSE_HIT,65,PSYCHIC,100,20,10, MOVE_TARGET_SELECTED,0, FLAG_PROTECT_AFFECTED | FLAG_MIRROR_MOVE_AFFECTED
BUBBLE_BEAM, EFFECT_SPEED_DOWN_HIT,65,WATER,100,20,10, MOVE_TARGET_SELECTED,0, FLAG_PROTECT_AFFECTED | FLAG_MIRROR_MOVE_AFFECTED
AURORA_BEAM, EFFECT_ATTACK_DOWN_HIT,65,ICE,100,20,10, MOVE_TARGET_SELECTED,0, FLAG_PROTECT_AFFECTED | FLAG_MIRROR_MOVE_AFFECTED
HYPER_BEAM, EFFECT_RECHARGE,150,NORMAL,90,5,0, MOVE_TARGET_SELECTED,0, FLAG_PROTECT_AFFECTED | FLAG_MIRROR_MOVE_AFFECTED | FLAG_KINGS_ROCK_AFFECTED
PECK, EFFECT_HIT,35,FLYING,100,35,0, MOVE_TARGET_SELECTED,0, FLAG_MAKES_CONTACT | FLAG_PROTECT_AFFECTED | FLAG_MIRROR_MOVE_AFFECTED | FLAG_KINGS_ROCK_AFFECTED
DRILL_PECK, EFFECT_HIT,80,FLYING,100,20,0, MOVE_TARGET_SELECTED,0, FLAG_MAKES_CONTACT | FLAG_PROTECT_AFFECTED | FLAG_MIRROR_MOVE_AFFECTED | FLAG_KINGS_ROCK_AFFECTED
SUBMISSION, EFFECT_RECOIL,80,FIGHTING,80,25,0, MOVE_TARGET_SELECTED,0, FLAG_MAKES_CONTACT | FLAG_PROTECT_AFFECTED | FLAG_MIRROR_MOVE_AFFECTED | FLAG_KINGS_ROCK_AFFECTED
LOW_KICK, EFFECT_LOW_KICK,1,FIGHTING,100,20,0, MOVE_TARGET_SELECTED,0, FLAG_MAKES_CONTACT | FLAG_PROTECT_AFFECTED | FLAG_MIRROR_MOVE_AFFECTED | FLAG_KINGS_ROCK_AFFECTED
COUNTER, EFFECT_COUNTER,1,FIGHTING,100,20,0, MOVE_TARGET_DEPENDS,-5, FLAG_MAKES_CONTACT | FLAG_MIRROR_MOVE_AFFECTED
SEISMIC_TOSS, EFFECT_LEVEL_DAMAGE,1,FIGHTING,100,20,0, MOVE_TARGET_SELECTED,0, FLAG_MAKES_CONTACT | FLAG_PROTECT_AFFECTED | FLAG_MIRROR_MOVE_AFFECTED | FLAG_KINGS_ROCK_AFFECTED
STRENGTH, EFFECT_HIT,80,NORMAL,100,15,0, MOVE_TARGET_SELECTED,0, FLAG_MAKES_CONTACT | FLAG_PROTECT_AFFECTED | FLAG_MIRROR_MOVE_AFFECTED | FLAG_KINGS_ROCK_AFFECTED
ABSORB, EFFECT_ABSORB,20,GRASS,100,20,0, MOVE_TARGET_SELECTED,0, FLAG_PROTECT_AFFECTED | FLAG_MIRROR_MOVE_AFFECTED
MEGA_DRAIN, EFFECT_ABSORB,40,GRASS,100,10,0, MOVE_TARGET_SELECTED,0, FLAG_PROTECT_AFFECTED | FLAG_MIRROR_MOVE_AFFECTED
LEECH_SEED, EFFECT_LEECH_SEED,0,GRASS,90,10,0, MOVE_TARGET_SELECTED,0, FLAG_PROTECT_AFFECTED | FLAG_MAGIC_COAT_AFFECTED | FLAG_MIRROR_MOVE_AFFECTED
GROWTH, EFFECT_SPECIAL_ATTACK_UP,0,NORMAL,0,40,0, MOVE_TARGET_USER,0, FLAG_SNATCH_AFFECTED
RAZOR_LEAF, EFFECT_HIGH_CRITICAL,55,GRASS,95,25,0, MOVE_TARGET_BOTH,0, FLAG_PROTECT_AFFECTED | FLAG_MIRROR_MOVE_AFFECTED | FLAG_KINGS_ROCK_AFFECTED
SOLAR_BEAM, EFFECT_SOLAR_BEAM,120,GRASS,100,10,0, MOVE_TARGET_SELECTED,0, FLAG_PROTECT_AFFECTED | FLAG_MIRROR_MOVE_AFFECTED | FLAG_KINGS_ROCK_AFFECTED
POISON_POWDER, EFFECT_POISON,0,POISON,75,35,0, MOVE_TARGET_SELECTED,0, FLAG_PROTECT_AFFECTED | FLAG_MAGIC_COAT_AFFECTED | FLAG_MIRROR_MOVE_AFFECTED
STUN_SPORE, EFFECT_PARALYZE,0,GRASS,75,30,0, MOVE_TARGET_SELECTED,0, FLAG_PROTECT_AFFECTED | FLAG_MAGIC_COAT_AFFECTED | FLAG_MIRROR_MOVE_AFFECTED
SLEEP_POWDER, EFFECT_SLEEP,0,GRASS,75,15,0, MOVE_TARGET_SELECTED,0, FLAG_PROTECT_AFFECTED | FLAG_MAGIC_COAT_AFFECTED | FLAG_MIRROR_MOVE_AFFECTED
PETAL_DANCE, EFFECT_RAMPAGE,70,GRASS,100,20,100, MOVE_TARGET_RANDOM,0, FLAG_MAKES_CONTACT | FLAG_PROTECT_AFFECTED | FLAG_MIRROR_MOVE_AFFECTED | FLAG_KINGS_ROCK_AFFECTED
STRING_SHOT, EFFECT_SPEED_DOWN,0,BUG,95,40,0, MOVE_TARGET_BOTH,0, FLAG_PROTECT_AFFECTED | FLAG_MAGIC_COAT_AFFECTED | FLAG_MIRROR_MOVE_AFFECTED
DRAGON_RAGE, EFFECT_DRAGON_RAGE,1,DRAGON,100,10,0, MOVE_TARGET_SELECTED,0, FLAG_PROTECT_AFFECTED | FLAG_MIRROR_MOVE_AFFECTED | FLAG_KINGS_ROCK_AFFECTED
FIRE_SPIN, EFFECT_TRAP,15,FIRE,70,15,100, MOVE_TARGET_SELECTED,0, FLAG_PROTECT_AFFECTED | FLAG_MIRROR_MOVE_AFFECTED | FLAG_KINGS_ROCK_AFFECTED
THUNDER_SHOCK, EFFECT_PARALYZE_HIT,40,ELECTRIC,100,30,10, MOVE_TARGET_SELECTED,0, FLAG_PROTECT_AFFECTED | FLAG_MIRROR_MOVE_AFFECTED
THUNDERBOLT, EFFECT_PARALYZE_HIT,95,ELECTRIC,100,15,10, MOVE_TARGET_SELECTED,0, FLAG_PROTECT_AFFECTED | FLAG_MIRROR_MOVE_AFFECTED
THUNDER_WAVE, EFFECT_PARALYZE,0,ELECTRIC,100,20,0, MOVE_TARGET_SELECTED,0, FLAG_PROTECT_AFFECTED | FLAG_MAGIC_COAT_AFFECTED | FLAG_MIRROR_MOVE_AFFECTED
THUNDER, EFFECT_THUNDER,120,ELECTRIC,70,10,30, MOVE_TARGET_SELECTED,0, FLAG_PROTECT_AFFECTED | FLAG_MIRROR_MOVE_AFFECTED
ROCK_THROW, EFFECT_HIT,50,ROCK,90,15,0, MOVE_TARGET_SELECTED,0, FLAG_PROTECT_AFFECTED | FLAG_MIRROR_MOVE_AFFECTED | FLAG_KINGS_ROCK_AFFECTED
EARTHQUAKE, EFFECT_EARTHQUAKE,100,GROUND,100,10,0, MOVE_TARGET_FOES_AND_ALLY,0, FLAG_PROTECT_AFFECTED | FLAG_MIRROR_MOVE_AFFECTED | FLAG_KINGS_ROCK_AFFECTED
FISSURE, EFFECT_OHKO,1,GROUND,30,5,0, MOVE_TARGET_SELECTED,0, FLAG_PROTECT_AFFECTED | FLAG_MIRROR_MOVE_AFFECTED
DIG, EFFECT_SEMI_INVULNERABLE,60,GROUND,100,10,0, MOVE_TARGET_SELECTED,0, FLAG_MAKES_CONTACT | FLAG_PROTECT_AFFECTED | FLAG_MIRROR_MOVE_AFFECTED | FLAG_KINGS_ROCK_AFFECTED
TOXIC, EFFECT_TOXIC,0,POISON,85,10,100, MOVE_TARGET_SELECTED,0, FLAG_PROTECT_AFFECTED | FLAG_MAGIC_COAT_AFFECTED | FLAG_MIRROR_MOVE_AFFECTED
CONFUSION, EFFECT_CONFUSE_HIT,50,PSYCHIC,100,25,10, MOVE_TARGET_SELECTED,0, FLAG_PROTECT_AFFECTED | FLAG_MIRROR_MOVE_AFFECTED
PSYCHIC, EFFECT_SPECIAL_DEFENSE_DOWN_HIT,90,PSYCHIC,100,10,10, MOVE_TARGET_SELECTED,0, FLAG_PROTECT_AFFECTED | FLAG_MIRROR_MOVE_AFFECTED
HYPNOSIS, EFFECT_SLEEP,0,PSYCHIC,60,20,0, MOVE_TARGET_SELECTED,0, FLAG_PROTECT_AFFECTED | FLAG_MAGIC_COAT_AFFECTED | FLAG_MIRROR_MOVE_AFFECTED
MEDITATE, EFFECT_ATTACK_UP,0,PSYCHIC,0,40,0, MOVE_TARGET_USER,0, FLAG_SNATCH_AFFECTED
AGILITY, EFFECT_SPEED_UP_2,0,PSYCHIC,0,30,0, MOVE_TARGET_USER,0, FLAG_SNATCH_AFFECTED
QUICK_ATTACK, EFFECT_QUICK_ATTACK,40,NORMAL,100,30,0, MOVE_TARGET_SELECTED,1, FLAG_MAKES_CONTACT | FLAG_PROTECT_AFFECTED | FLAG_MIRROR_MOVE_AFFECTED | FLAG_KINGS_ROCK_AFFECTED
RAGE, EFFECT_RAGE,20,NORMAL,100,20,0, MOVE_TARGET_SELECTED,0, FLAG_MAKES_CONTACT | FLAG_PROTECT_AFFECTED | FLAG_MIRROR_MOVE_AFFECTED | FLAG_KINGS_ROCK_AFFECTED
TELEPORT, EFFECT_TELEPORT,0,PSYCHIC,0,20,0, MOVE_TARGET_USER,0,0
NIGHT_SHADE, EFFECT_LEVEL_DAMAGE,1,GHOST,100,15,0, MOVE_TARGET_SELECTED,0, FLAG_PROTECT_AFFECTED | FLAG_MIRROR_MOVE_AFFECTED | FLAG_KINGS_ROCK_AFFECTED
MIMIC, EFFECT_MIMIC,0,NORMAL,100,10,0, MOVE_TARGET_SELECTED,0, FLAG_PROTECT_AFFECTED
SCREECH, EFFECT_DEFENSE_DOWN_2,0,NORMAL,85,40,0, MOVE_TARGET_SELECTED,0, FLAG_PROTECT_AFFECTED | FLAG_MAGIC_COAT_AFFECTED | FLAG_MIRROR_MOVE_AFFECTED
DOUBLE_TEAM, EFFECT_EVASION_UP,0,NORMAL,0,15,0, MOVE_TARGET_USER,0, FLAG_SNATCH_AFFECTED
RECOVER, EFFECT_RESTORE_HP,0,NORMAL,0,20,0, MOVE_TARGET_USER,0, FLAG_SNATCH_AFFECTED
HARDEN, EFFECT_DEFENSE_UP,0,NORMAL,0,30,0, MOVE_TARGET_USER,0, FLAG_SNATCH_AFFECTED
MINIMIZE, EFFECT_MINIMIZE,0,NORMAL,0,20,0, MOVE_TARGET_USER,0, FLAG_SNATCH_AFFECTED
SMOKESCREEN, EFFECT_ACCURACY_DOWN,0,NORMAL,100,20,0, MOVE_TARGET_SELECTED,0, FLAG_PROTECT_AFFECTED | FLAG_MAGIC_COAT_AFFECTED | FLAG_MIRROR_MOVE_AFFECTED
CONFUSE_RAY, EFFECT_CONFUSE,0,GHOST,100,10,0, MOVE_TARGET_SELECTED,0, FLAG_PROTECT_AFFECTED | FLAG_MAGIC_COAT_AFFECTED | FLAG_MIRROR_MOVE_AFFECTED
WITHDRAW, EFFECT_DEFENSE_UP,0,WATER,0,40,0, MOVE_TARGET_USER,0, FLAG_SNATCH_AFFECTED
DEFENSE_CURL, EFFECT_DEFENSE_CURL,0,NORMAL,0,40,0, MOVE_TARGET_USER,0, FLAG_SNATCH_AFFECTED
BARRIER, EFFECT_DEFENSE_UP_2,0,PSYCHIC,0,30,0, MOVE_TARGET_USER,0, FLAG_SNATCH_AFFECTED
LIGHT_SCREEN, EFFECT_LIGHT_SCREEN,0,PSYCHIC,0,30,0, MOVE_TARGET_USER,0, FLAG_SNATCH_AFFECTED
HAZE, EFFECT_HAZE,0,ICE,0,30,0, MOVE_TARGET_USER,0, FLAG_PROTECT_AFFECTED
REFLECT, EFFECT_REFLECT,0,PSYCHIC,0,20,0, MOVE_TARGET_USER,0, FLAG_SNATCH_AFFECTED
FOCUS_ENERGY, EFFECT_FOCUS_ENERGY,0,NORMAL,0,30,0, MOVE_TARGET_USER,0, FLAG_SNATCH_AFFECTED
BIDE, EFFECT_BIDE,1,NORMAL,100,10,0, MOVE_TARGET_USER,0, FLAG_MAKES_CONTACT | FLAG_PROTECT_AFFECTED | FLAG_KINGS_ROCK_AFFECTED
METRONOME, EFFECT_METRONOME,0,NORMAL,0,10,0, MOVE_TARGET_DEPENDS,0,0
MIRROR_MOVE, EFFECT_MIRROR_MOVE,0,FLYING,0,20,0, MOVE_TARGET_DEPENDS,0,0
SELF_DESTRUCT, EFFECT_EXPLOSION,200,NORMAL,100,5,0, MOVE_TARGET_FOES_AND_ALLY,0, FLAG_PROTECT_AFFECTED | FLAG_MIRROR_MOVE_AFFECTED | FLAG_KINGS_ROCK_AFFECTED
EGG_BOMB, EFFECT_HIT,100,NORMAL,75,10,0, MOVE_TARGET_SELECTED,0, FLAG_PROTECT_AFFECTED | FLAG_MIRROR_MOVE_AFFECTED | FLAG_KINGS_ROCK_AFFECTED
LICK, EFFECT_PARALYZE_HIT,20,GHOST,100,30,30, MOVE_TARGET_SELECTED,0, FLAG_MAKES_CONTACT | FLAG_PROTECT_AFFECTED | FLAG_MIRROR_MOVE_AFFECTED
SMOG, EFFECT_POISON_HIT,20,POISON,70,20,40, MOVE_TARGET_SELECTED,0, FLAG_PROTECT_AFFECTED | FLAG_MIRROR_MOVE_AFFECTED
SLUDGE, EFFECT_POISON_HIT,65,POISON,100,20,30, MOVE_TARGET_SELECTED,0, FLAG_PROTECT_AFFECTED | FLAG_MIRROR_MOVE_AFFECTED
BONE_CLUB, EFFECT_FLINCH_HIT,65,GROUND,85,20,10, MOVE_TARGET_SELECTED,0, FLAG_PROTECT_AFFECTED | FLAG_MIRROR_MOVE_AFFECTED
FIRE_BLAST, EFFECT_BURN_HIT,120,FIRE,85,5,10, MOVE_TARGET_SELECTED,0, FLAG_PROTECT_AFFECTED | FLAG_MIRROR_MOVE_AFFECTED
WATERFALL, EFFECT_HIT,80,WATER,100,15,0, MOVE_TARGET_SELECTED,0, FLAG_MAKES_CONTACT | FLAG_PROTECT_AFFECTED | FLAG_MIRROR_MOVE_AFFECTED | FLAG_KINGS_ROCK_AFFECTED
CLAMP, EFFECT_TRAP,35,WATER,75,10,100, MOVE_TARGET_SELECTED,0, FLAG_MAKES_CONTACT | FLAG_PROTECT_AFFECTED | FLAG_MIRROR_MOVE_AFFECTED | FLAG_KINGS_ROCK_AFFECTED
SWIFT, EFFECT_ALWAYS_HIT,60,NORMAL,0,20,0, MOVE_TARGET_BOTH,0, FLAG_PROTECT_AFFECTED | FLAG_MIRROR_MOVE_AFFECTED | FLAG_KINGS_ROCK_AFFECTED
SKULL_BASH, EFFECT_SKULL_BASH,100,NORMAL,100,15,0, MOVE_TARGET_SELECTED,0, FLAG_MAKES_CONTACT | FLAG_PROTECT_AFFECTED | FLAG_MIRROR_MOVE_AFFECTED | FLAG_KINGS_ROCK_AFFECTED
SPIKE_CANNON, EFFECT_MULTI_HIT,20,NORMAL,100,15,0, MOVE_TARGET_SELECTED,0, FLAG_PROTECT_AFFECTED | FLAG_MIRROR_MOVE_AFFECTED | FLAG_KINGS_ROCK_AFFECTED
CONSTRICT, EFFECT_SPEED_DOWN_HIT,10,NORMAL,100,35,10, MOVE_TARGET_SELECTED,0, FLAG_MAKES_CONTACT | FLAG_PROTECT_AFFECTED | FLAG_MIRROR_MOVE_AFFECTED
AMNESIA, EFFECT_SPECIAL_DEFENSE_UP_2,0,PSYCHIC,0,20,0, MOVE_TARGET_USER,0, FLAG_SNATCH_AFFECTED
KINESIS, EFFECT_ACCURACY_DOWN,0,PSYCHIC,80,15,0, MOVE_TARGET_SELECTED,0, FLAG_PROTECT_AFFECTED | FLAG_MIRROR_MOVE_AFFECTED
SOFT_BOILED, EFFECT_SOFTBOILED,0,NORMAL,100,10,0, MOVE_TARGET_USER,0, FLAG_SNATCH_AFFECTED | FLAG_MIRROR_MOVE_AFFECTED
HI_JUMP_KICK, EFFECT_RECOIL_IF_MISS,85,FIGHTING,90,20,0, MOVE_TARGET_SELECTED,0, FLAG_MAKES_CONTACT | FLAG_PROTECT_AFFECTED | FLAG_MIRROR_MOVE_AFFECTED | FLAG_KINGS_ROCK_AFFECTED
GLARE, EFFECT_PARALYZE,0,NORMAL,75,30,0, MOVE_TARGET_SELECTED,0, FLAG_PROTECT_AFFECTED | FLAG_MAGIC_COAT_AFFECTED | FLAG_MIRROR_MOVE_AFFECTED
DREAM_EATER, EFFECT_DREAM_EATER,100,PSYCHIC,100,15,0, MOVE_TARGET_SELECTED,0, FLAG_PROTECT_AFFECTED | FLAG_MIRROR_MOVE_AFFECTED
POISON_GAS, EFFECT_POISON,0,POISON,55,40,0, MOVE_TARGET_SELECTED,0, FLAG_PROTECT_AFFECTED | FLAG_MAGIC_COAT_AFFECTED | FLAG_MIRROR_MOVE_AFFECTED
BARRAGE, EFFECT_MULTI_HIT,15,NORMAL,85,20,0, MOVE_TARGET_SELECTED,0, FLAG_PROTECT_AFFECTED | FLAG_MIRROR_MOVE_AFFECTED | FLAG_KINGS_ROCK_AFFECTED
LEECH_LIFE, EFFECT_ABSORB,20,BUG,100,15,0, MOVE_TARGET_SELECTED,0, FLAG_MAKES_CONTACT | FLAG_PROTECT_AFFECTED | FLAG_MIRROR_MOVE_AFFECTED
LOVELY_KISS, EFFECT_SLEEP,0,NORMAL,75,10,0, MOVE_TARGET_SELECTED,0, FLAG_PROTECT_AFFECTED | FLAG_MAGIC_COAT_AFFECTED | FLAG_MIRROR_MOVE_AFFECTED
SKY_ATTACK, EFFECT_SKY_ATTACK,140,FLYING,90,5,30, MOVE_TARGET_SELECTED,0, FLAG_PROTECT_AFFECTED | FLAG_MIRROR_MOVE_AFFECTED | FLAG_KINGS_ROCK_AFFECTED
TRANSFORM, EFFECT_TRANSFORM,0,NORMAL,0,10,0, MOVE_TARGET_SELECTED,0,0
BUBBLE, EFFECT_SPEED_DOWN_HIT,20,WATER,100,30,10, MOVE_TARGET_BOTH,0, FLAG_PROTECT_AFFECTED | FLAG_MIRROR_MOVE_AFFECTED
DIZZY_PUNCH, EFFECT_CONFUSE_HIT,70,NORMAL,100,10,20, MOVE_TARGET_SELECTED,0, FLAG_MAKES_CONTACT | FLAG_PROTECT_AFFECTED | FLAG_MIRROR_MOVE_AFFECTED
SPORE, EFFECT_SLEEP,0,GRASS,100,15,0, MOVE_TARGET_SELECTED,0, FLAG_PROTECT_AFFECTED | FLAG_MAGIC_COAT_AFFECTED | FLAG_MIRROR_MOVE_AFFECTED
FLASH, EFFECT_ACCURACY_DOWN,0,NORMAL,70,20,0, MOVE_TARGET_SELECTED,0, FLAG_PROTECT_AFFECTED | FLAG_MAGIC_COAT_AFFECTED | FLAG_MIRROR_MOVE_AFFECTED
PSYWAVE, EFFECT_PSYWAVE,1,PSYCHIC,80,15,0, MOVE_TARGET_SELECTED,0, FLAG_PROTECT_AFFECTED | FLAG_MIRROR_MOVE_AFFECTED | FLAG_KINGS_ROCK_AFFECTED
SPLASH, EFFECT_SPLASH,0,NORMAL,0,40,0, MOVE_TARGET_USER,0,0
ACID_ARMOR, EFFECT_DEFENSE_UP_2,0,POISON,0,40,0, MOVE_TARGET_USER,0, FLAG_SNATCH_AFFECTED
CRABHAMMER, EFFECT_HIGH_CRITICAL,90,WATER,85,10,0, MOVE_TARGET_SELECTED,0, FLAG_MAKES_CONTACT | FLAG_PROTECT_AFFECTED | FLAG_MIRROR_MOVE_AFFECTED | FLAG_KINGS_ROCK_AFFECTED
EXPLOSION, EFFECT_EXPLOSION,250,NORMAL,100,5,0, MOVE_TARGET_FOES_AND_ALLY,0, FLAG_PROTECT_AFFECTED | FLAG_MIRROR_MOVE_AFFECTED | FLAG_KINGS_ROCK_AFFECTED
FURY_SWIPES, EFFECT_MULTI_HIT,18,NORMAL,80,15,0, MOVE_TARGET_SELECTED,0, FLAG_MAKES_CONTACT | FLAG_PROTECT_AFFECTED | FLAG_MIRROR_MOVE_AFFECTED | FLAG_KINGS_ROCK_AFFECTED
BONEMERANG, EFFECT_DOUBLE_HIT,50,GROUND,90,10,0, MOVE_TARGET_SELECTED,0, FLAG_PROTECT_AFFECTED | FLAG_MIRROR_MOVE_AFFECTED | FLAG_KINGS_ROCK_AFFECTED
REST, EFFECT_REST,0,PSYCHIC,0,10,0, MOVE_TARGET_USER,0, FLAG_SNATCH_AFFECTED
ROCK_SLIDE, EFFECT_FLINCH_HIT,75,ROCK,90,10,30, MOVE_TARGET_BOTH,0, FLAG_PROTECT_AFFECTED | FLAG_MIRROR_MOVE_AFFECTED
HYPER_FANG, EFFECT_FLINCH_HIT,80,NORMAL,90,15,10, MOVE_TARGET_SELECTED,0, FLAG_MAKES_CONTACT | FLAG_PROTECT_AFFECTED | FLAG_MIRROR_MOVE_AFFECTED
SHARPEN, EFFECT_ATTACK_UP,0,NORMAL,0,30,0, MOVE_TARGET_USER,0, FLAG_SNATCH_AFFECTED
CONVERSION, EFFECT_CONVERSION,0,NORMAL,0,30,0, MOVE_TARGET_USER,0,0
TRI_ATTACK, EFFECT_TRI_ATTACK,80,NORMAL,100,10,20, MOVE_TARGET_SELECTED,0, FLAG_PROTECT_AFFECTED | FLAG_MIRROR_MOVE_AFFECTED
SUPER_FANG, EFFECT_SUPER_FANG,1,NORMAL,90,10,0, MOVE_TARGET_SELECTED,0, FLAG_MAKES_CONTACT | FLAG_PROTECT_AFFECTED | FLAG_MIRROR_MOVE_AFFECTED
SLASH, EFFECT_HIGH_CRITICAL,70,NORMAL,100,20,0, MOVE_TARGET_SELECTED,0, FLAG_MAKES_CONTACT | FLAG_PROTECT_AFFECTED | FLAG_MIRROR_MOVE_AFFECTED | FLAG_KINGS_ROCK_AFFECTED
SUBSTITUTE, EFFECT_SUBSTITUTE,0,NORMAL,0,10,0, MOVE_TARGET_USER,0, FLAG_SNATCH_AFFECTED
STRUGGLE, EFFECT_RECOIL,50,NORMAL,100,1,0, MOVE_TARGET_SELECTED,0, FLAG_MAKES_CONTACT | FLAG_PROTECT_AFFECTED | FLAG_MIRROR_MOVE_AFFECTED | FLAG_KINGS_ROCK_AFFECTED
SKETCH, EFFECT_SKETCH,0,NORMAL,0,1,0, MOVE_TARGET_SELECTED,0,0
TRIPLE_KICK, EFFECT_TRIPLE_KICK,10,FIGHTING,90,10,0, MOVE_TARGET_SELECTED,0, FLAG_MAKES_CONTACT | FLAG_PROTECT_AFFECTED | FLAG_MIRROR_MOVE_AFFECTED | FLAG_KINGS_ROCK_AFFECTED
THIEF, EFFECT_THIEF,40,DARK,100,10,100, MOVE_TARGET_SELECTED,0, FLAG_MAKES_CONTACT | FLAG_PROTECT_AFFECTED | FLAG_MIRROR_MOVE_AFFECTED
SPIDER_WEB, EFFECT_MEAN_LOOK,0,BUG,100,10,0, MOVE_TARGET_SELECTED,0, FLAG_PROTECT_AFFECTED | FLAG_MAGIC_COAT_AFFECTED | FLAG_MIRROR_MOVE_AFFECTED
MIND_READER, EFFECT_LOCK_ON,0,NORMAL,100,5,0, MOVE_TARGET_SELECTED,0, FLAG_PROTECT_AFFECTED | FLAG_MIRROR_MOVE_AFFECTED
NIGHTMARE, EFFECT_NIGHTMARE,0,GHOST,100,15,0, MOVE_TARGET_SELECTED,0, FLAG_PROTECT_AFFECTED | FLAG_MIRROR_MOVE_AFFECTED
FLAME_WHEEL, EFFECT_THAW_HIT,60,FIRE,100,25,10, MOVE_TARGET_SELECTED,0, FLAG_MAKES_CONTACT | FLAG_PROTECT_AFFECTED | FLAG_MIRROR_MOVE_AFFECTED
SNORE, EFFECT_SNORE,40,NORMAL,100,15,30, MOVE_TARGET_SELECTED,0, FLAG_PROTECT_AFFECTED | FLAG_MIRROR_MOVE_AFFECTED | FLAG_KINGS_ROCK_AFFECTED
CURSE, EFFECT_CURSE,0,MYSTERY,0,10,0, MOVE_TARGET_SELECTED,0,0
FLAIL, EFFECT_FLAIL,1,NORMAL,100,15,0, MOVE_TARGET_SELECTED,0, FLAG_MAKES_CONTACT | FLAG_PROTECT_AFFECTED | FLAG_MIRROR_MOVE_AFFECTED | FLAG_KINGS_ROCK_AFFECTED
CONVERSION_2, EFFECT_CONVERSION_2,0,NORMAL,100,30,0, MOVE_TARGET_USER,0,0
AEROBLAST, EFFECT_HIGH_CRITICAL,100,FLYING,95,5,0, MOVE_TARGET_SELECTED,0, FLAG_PROTECT_AFFECTED | FLAG_MIRROR_MOVE_AFFECTED | FLAG_KINGS_ROCK_AFFECTED
COTTON_SPORE, EFFECT_SPEED_DOWN_2,0,GRASS,85,40,0, MOVE_TARGET_SELECTED,0, FLAG_PROTECT_AFFECTED | FLAG_MAGIC_COAT_AFFECTED | FLAG_MIRROR_MOVE_AFFECTED
REVERSAL, EFFECT_FLAIL,1,FIGHTING,100,15,0, MOVE_TARGET_SELECTED,0, FLAG_MAKES_CONTACT | FLAG_PROTECT_AFFECTED | FLAG_MIRROR_MOVE_AFFECTED | FLAG_KINGS_ROCK_AFFECTED
SPITE, EFFECT_SPITE,0,GHOST,100,10,0, MOVE_TARGET_SELECTED,0, FLAG_PROTECT_AFFECTED | FLAG_MIRROR_MOVE_AFFECTED
POWDER_SNOW, EFFECT_FREEZE_HIT,40,ICE,100,25,10, MOVE_TARGET_BOTH,0, FLAG_PROTECT_AFFECTED | FLAG_MIRROR_MOVE_AFFECTED
PROTECT, EFFECT_PROTECT,0,NORMAL,0,10,0, MOVE_TARGET_USER,3,0
MACH_PUNCH, EFFECT_QUICK_ATTACK,40,FIGHTING,100,30,0, MOVE_TARGET_SELECTED,1, FLAG_MAKES_CONTACT | FLAG_PROTECT_AFFECTED | FLAG_MIRROR_MOVE_AFFECTED | FLAG_KINGS_ROCK_AFFECTED
SCARY_FACE, EFFECT_SPEED_DOWN_2,0,NORMAL,90,10,0, MOVE_TARGET_SELECTED,0, FLAG_PROTECT_AFFECTED | FLAG_MAGIC_COAT_AFFECTED | FLAG_MIRROR_MOVE_AFFECTED
FAINT_ATTACK, EFFECT_ALWAYS_HIT,60,DARK,0,20,0, MOVE_TARGET_SELECTED,0, FLAG_PROTECT_AFFECTED | FLAG_MIRROR_MOVE_AFFECTED | FLAG_KINGS_ROCK_AFFECTED
SWEET_KISS, EFFECT_CONFUSE,0,NORMAL,75,10,0, MOVE_TARGET_SELECTED,0, FLAG_PROTECT_AFFECTED | FLAG_MAGIC_COAT_AFFECTED | FLAG_MIRROR_MOVE_AFFECTED
BELLY_DRUM, EFFECT_BELLY_DRUM,0,NORMAL,0,10,0, MOVE_TARGET_USER,0, FLAG_SNATCH_AFFECTED
SLUDGE_BOMB, EFFECT_POISON_HIT,90,POISON,100,10,30, MOVE_TARGET_SELECTED,0, FLAG_PROTECT_AFFECTED | FLAG_MIRROR_MOVE_AFFECTED
MUD_SLAP, EFFECT_ACCURACY_DOWN_HIT,20,GROUND,100,10,100, MOVE_TARGET_SELECTED,0, FLAG_PROTECT_AFFECTED | FLAG_MIRROR_MOVE_AFFECTED
OCTAZOOKA, EFFECT_ACCURACY_DOWN_HIT,65,WATER,85,10,50, MOVE_TARGET_SELECTED,0, FLAG_PROTECT_AFFECTED | FLAG_MIRROR_MOVE_AFFECTED
SPIKES, EFFECT_SPIKES,0,GROUND,0,20,0, MOVE_TARGET_OPPONENTS_FIELD,0,0
ZAP_CANNON, EFFECT_PARALYZE_HIT,100,ELECTRIC,50,5,100, MOVE_TARGET_SELECTED,0, FLAG_PROTECT_AFFECTED | FLAG_MIRROR_MOVE_AFFECTED
FORESIGHT, EFFECT_FORESIGHT,0,NORMAL,100,40,0, MOVE_TARGET_SELECTED,0, FLAG_PROTECT_AFFECTED | FLAG_MIRROR_MOVE_AFFECTED
DESTINY_BOND, EFFECT_DESTINY_BOND,0,GHOST,0,5,0, MOVE_TARGET_USER,0,0
PERISH_SONG, EFFECT_PERISH_SONG,0,NORMAL,0,5,0, MOVE_TARGET_USER,0,0
ICY_WIND, EFFECT_SPEED_DOWN_HIT,55,ICE,95,15,100, MOVE_TARGET_BOTH,0, FLAG_PROTECT_AFFECTED | FLAG_MIRROR_MOVE_AFFECTED
DETECT, EFFECT_PROTECT,0,FIGHTING,0,5,0, MOVE_TARGET_USER,3,0
BONE_RUSH, EFFECT_MULTI_HIT,25,GROUND,80,10,0, MOVE_TARGET_SELECTED,0, FLAG_PROTECT_AFFECTED | FLAG_MIRROR_MOVE_AFFECTED | FLAG_KINGS_ROCK_AFFECTED
LOCK_ON, EFFECT_LOCK_ON,0,NORMAL,100,5,0, MOVE_TARGET_SELECTED,0, FLAG_PROTECT_AFFECTED | FLAG_MIRROR_MOVE_AFFECTED
OUTRAGE, EFFECT_RAMPAGE,90,DRAGON,100,15,100, MOVE_TARGET_RANDOM,0, FLAG_MAKES_CONTACT | FLAG_PROTECT_AFFECTED | FLAG_MIRROR_MOVE_AFFECTED | FLAG_KINGS_ROCK_AFFECTED
SANDSTORM, EFFECT_SANDSTORM,0,ROCK,0,10,0, MOVE_TARGET_USER,0,0
GIGA_DRAIN, EFFECT_ABSORB,60,GRASS,100,5,0, MOVE_TARGET_SELECTED,0, FLAG_PROTECT_AFFECTED | FLAG_MIRROR_MOVE_AFFECTED
ENDURE, EFFECT_ENDURE,0,NORMAL,0,10,0, MOVE_TARGET_USER,3,0
CHARM, EFFECT_ATTACK_DOWN_2,0,NORMAL,100,20,0, MOVE_TARGET_SELECTED,0, FLAG_PROTECT_AFFECTED | FLAG_MAGIC_COAT_AFFECTED | FLAG_MIRROR_MOVE_AFFECTED
ROLLOUT, EFFECT_ROLLOUT,30,ROCK,90,20,0, MOVE_TARGET_SELECTED,0, FLAG_MAKES_CONTACT | FLAG_PROTECT_AFFECTED | FLAG_MIRROR_MOVE_AFFECTED | FLAG_KINGS_ROCK_AFFECTED
FALSE_SWIPE, EFFECT_FALSE_SWIPE,40,NORMAL,100,40,0, MOVE_TARGET_SELECTED,0, FLAG_MAKES_CONTACT | FLAG_PROTECT_AFFECTED | FLAG_MIRROR_MOVE_AFFECTED | FLAG_KINGS_ROCK_AFFECTED
SWAGGER, EFFECT_SWAGGER,0,NORMAL,90,15,100, MOVE_TARGET_SELECTED,0, FLAG_PROTECT_AFFECTED | FLAG_MAGIC_COAT_AFFECTED | FLAG_MIRROR_MOVE_AFFECTED
MILK_DRINK, EFFECT_SOFTBOILED,0,NORMAL,0,10,0, MOVE_TARGET_USER,0, FLAG_PROTECT_AFFECTED | FLAG_SNATCH_AFFECTED
SPARK, EFFECT_PARALYZE_HIT,65,ELECTRIC,100,20,30, MOVE_TARGET_SELECTED,0, FLAG_MAKES_CONTACT | FLAG_PROTECT_AFFECTED | FLAG_MIRROR_MOVE_AFFECTED
FURY_CUTTER, EFFECT_FURY_CUTTER,10,BUG,95,20,0, MOVE_TARGET_SELECTED,0, FLAG_MAKES_CONTACT | FLAG_PROTECT_AFFECTED | FLAG_MIRROR_MOVE_AFFECTED | FLAG_KINGS_ROCK_AFFECTED
STEEL_WING, EFFECT_DEFENSE_UP_HIT,70,STEEL,90,25,10, MOVE_TARGET_SELECTED,0, FLAG_MAKES_CONTACT | FLAG_PROTECT_AFFECTED | FLAG_MIRROR_MOVE_AFFECTED | FLAG_KINGS_ROCK_AFFECTED
MEAN_LOOK, EFFECT_MEAN_LOOK,0,NORMAL,100,5,0, MOVE_TARGET_SELECTED,0, FLAG_PROTECT_AFFECTED | FLAG_MAGIC_COAT_AFFECTED | FLAG_MIRROR_MOVE_AFFECTED
ATTRACT, EFFECT_ATTRACT,0,NORMAL,100,15,0, MOVE_TARGET_SELECTED,0, FLAG_PROTECT_AFFECTED | FLAG_MAGIC_COAT_AFFECTED | FLAG_MIRROR_MOVE_AFFECTED
SLEEP_TALK, EFFECT_SLEEP_TALK,0,NORMAL,0,10,0, MOVE_TARGET_DEPENDS,0,0
HEAL_BELL, EFFECT_HEAL_BELL,0,NORMAL,0,5,0, MOVE_TARGET_USER,0, FLAG_SNATCH_AFFECTED
RETURN, EFFECT_RETURN,1,NORMAL,100,20,0, MOVE_TARGET_SELECTED,0, FLAG_MAKES_CONTACT | FLAG_PROTECT_AFFECTED | FLAG_MIRROR_MOVE_AFFECTED | FLAG_KINGS_ROCK_AFFECTED
PRESENT, EFFECT_PRESENT,1,NORMAL,90,15,0, MOVE_TARGET_SELECTED,0, FLAG_PROTECT_AFFECTED | FLAG_MIRROR_MOVE_AFFECTED
FRUSTRATION, EFFECT_FRUSTRATION,1,NORMAL,100,20,0, MOVE_TARGET_SELECTED,0, FLAG_MAKES_CONTACT | FLAG_PROTECT_AFFECTED | FLAG_MIRROR_MOVE_AFFECTED | FLAG_KINGS_ROCK_AFFECTED
SAFEGUARD, EFFECT_SAFEGUARD,0,NORMAL,0,25,0, MOVE_TARGET_USER,0, FLAG_SNATCH_AFFECTED
PAIN_SPLIT, EFFECT_PAIN_SPLIT,0,NORMAL,100,20,0, MOVE_TARGET_SELECTED,0, FLAG_PROTECT_AFFECTED | FLAG_MIRROR_MOVE_AFFECTED
SACRED_FIRE, EFFECT_THAW_HIT,100,FIRE,95,5,50, MOVE_TARGET_SELECTED,0, FLAG_PROTECT_AFFECTED | FLAG_MIRROR_MOVE_AFFECTED
MAGNITUDE, EFFECT_MAGNITUDE,1,GROUND,100,30,0, MOVE_TARGET_FOES_AND_ALLY,0, FLAG_PROTECT_AFFECTED | FLAG_MIRROR_MOVE_AFFECTED | FLAG_KINGS_ROCK_AFFECTED
DYNAMIC_PUNCH, EFFECT_CONFUSE_HIT,100,FIGHTING,50,5,100, MOVE_TARGET_SELECTED,0, FLAG_MAKES_CONTACT | FLAG_PROTECT_AFFECTED | FLAG_MIRROR_MOVE_AFFECTED
MEGAHORN, EFFECT_HIT,120,BUG,85,10,0, MOVE_TARGET_SELECTED,0, FLAG_MAKES_CONTACT | FLAG_PROTECT_AFFECTED | FLAG_MIRROR_MOVE_AFFECTED | FLAG_KINGS_ROCK_AFFECTED
DRAGON_BREATH, EFFECT_PARALYZE_HIT,60,DRAGON,100,20,30, MOVE_TARGET_SELECTED,0, FLAG_PROTECT_AFFECTED | FLAG_MIRROR_MOVE_AFFECTED | FLAG_KINGS_ROCK_AFFECTED
BATON_PASS, EFFECT_BATON_PASS,0,NORMAL,0,40,0, MOVE_TARGET_USER,0,0
ENCORE, EFFECT_ENCORE,0,NORMAL,100,5,0, MOVE_TARGET_SELECTED,0, FLAG_PROTECT_AFFECTED | FLAG_MIRROR_MOVE_AFFECTED
PURSUIT, EFFECT_PURSUIT,40,DARK,100,20,0, MOVE_TARGET_SELECTED,0, FLAG_MAKES_CONTACT | FLAG_PROTECT_AFFECTED | FLAG_MIRROR_MOVE_AFFECTED
RAPID_SPIN, EFFECT_RAPID_SPIN,20,NORMAL,100,40,0, MOVE_TARGET_SELECTED,0, FLAG_MAKES_CONTACT | FLAG_PROTECT_AFFECTED | FLAG_MIRROR_MOVE_AFFECTED | FLAG_KINGS_ROCK_AFFECTED
SWEET_SCENT, EFFECT_EVASION_DOWN,0,NORMAL,100,20,0, MOVE_TARGET_BOTH,0, FLAG_PROTECT_AFFECTED | FLAG_MAGIC_COAT_AFFECTED | FLAG_MIRROR_MOVE_AFFECTED
IRON_TAIL, EFFECT_DEFENSE_DOWN_HIT,100,STEEL,75,15,30, MOVE_TARGET_SELECTED,0, FLAG_MAKES_CONTACT | FLAG_PROTECT_AFFECTED | FLAG_MIRROR_MOVE_AFFECTED
METAL_CLAW, EFFECT_ATTACK_UP_HIT,50,STEEL,95,35,10, MOVE_TARGET_SELECTED,0, FLAG_MAKES_CONTACT | FLAG_PROTECT_AFFECTED | FLAG_MIRROR_MOVE_AFFECTED
VITAL_THROW, EFFECT_VITAL_THROW,70,FIGHTING,100,10,0, MOVE_TARGET_SELECTED,-1, FLAG_MAKES_CONTACT | FLAG_PROTECT_AFFECTED | FLAG_MIRROR_MOVE_AFFECTED | FLAG_KINGS_ROCK_AFFECTED
MORNING_SUN, EFFECT_MORNING_SUN,0,NORMAL,0,5,0, MOVE_TARGET_USER,0, FLAG_SNATCH_AFFECTED
SYNTHESIS, EFFECT_SYNTHESIS,0,GRASS,0,5,0, MOVE_TARGET_USER,0, FLAG_SNATCH_AFFECTED
MOONLIGHT, EFFECT_MOONLIGHT,0,NORMAL,0,5,0, MOVE_TARGET_USER,0, FLAG_SNATCH_AFFECTED
HIDDEN_POWER, EFFECT_HIDDEN_POWER,70,DARK,100,15,0, MOVE_TARGET_SELECTED,0, FLAG_PROTECT_AFFECTED | FLAG_MIRROR_MOVE_AFFECTED | FLAG_KINGS_ROCK_AFFECTED
CROSS_CHOP, EFFECT_HIGH_CRITICAL,100,FIGHTING,80,5,0, MOVE_TARGET_SELECTED,0, FLAG_MAKES_CONTACT | FLAG_PROTECT_AFFECTED | FLAG_MIRROR_MOVE_AFFECTED | FLAG_KINGS_ROCK_AFFECTED
TWISTER, EFFECT_TWISTER,40,DRAGON,100,20,20, MOVE_TARGET_BOTH,0, FLAG_PROTECT_AFFECTED | FLAG_MIRROR_MOVE_AFFECTED | FLAG_KINGS_ROCK_AFFECTED
RAIN_DANCE, EFFECT_RAIN_DANCE,0,WATER,0,5,0, MOVE_TARGET_USER,0,0
SUNNY_DAY, EFFECT_SUNNY_DAY,0,FIRE,0,5,0, MOVE_TARGET_USER,0,0
CRUNCH, EFFECT_SPECIAL_DEFENSE_DOWN_HIT,80,DARK,100,15,20, MOVE_TARGET_SELECTED,0, FLAG_MAKES_CONTACT | FLAG_PROTECT_AFFECTED | FLAG_MIRROR_MOVE_AFFECTED
MIRROR_COAT, EFFECT_MIRROR_COAT,1,PSYCHIC,100,20,0, MOVE_TARGET_DEPENDS,-5, FLAG_MIRROR_MOVE_AFFECTED
PSYCH_UP, EFFECT_PSYCH_UP,0,NORMAL,0,10,0, MOVE_TARGET_SELECTED,0, FLAG_SNATCH_AFFECTED
EXTREME_SPEED, EFFECT_QUICK_ATTACK,80,NORMAL,100,5,0, MOVE_TARGET_SELECTED,1, FLAG_MAKES_CONTACT | FLAG_PROTECT_AFFECTED | FLAG_MIRROR_MOVE_AFFECTED | FLAG_KINGS_ROCK_AFFECTED
ANCIENT_POWER, EFFECT_ALL_STATS_UP_HIT,60,ROCK,100,5,10, MOVE_TARGET_SELECTED,0, FLAG_MAKES_CONTACT | FLAG_PROTECT_AFFECTED | FLAG_MIRROR_MOVE_AFFECTED
SHADOW_BALL, EFFECT_SPECIAL_DEFENSE_DOWN_HIT,80,GHOST,100,15,20, MOVE_TARGET_SELECTED,0, FLAG_PROTECT_AFFECTED | FLAG_MIRROR_MOVE_AFFECTED
FUTURE_SIGHT, EFFECT_FUTURE_SIGHT,80,PSYCHIC,90,15,0, MOVE_TARGET_SELECTED,0,0
ROCK_SMASH, EFFECT_DEFENSE_DOWN_HIT,20,FIGHTING,100,15,50, MOVE_TARGET_SELECTED,0, FLAG_MAKES_CONTACT | FLAG_PROTECT_AFFECTED | FLAG_MIRROR_MOVE_AFFECTED
WHIRLPOOL, EFFECT_TRAP,15,WATER,70,15,100, MOVE_TARGET_SELECTED,0, FLAG_PROTECT_AFFECTED | FLAG_MIRROR_MOVE_AFFECTED | FLAG_KINGS_ROCK_AFFECTED
BEAT_UP, EFFECT_BEAT_UP,10,DARK,100,10,0, MOVE_TARGET_SELECTED,0, FLAG_PROTECT_AFFECTED | FLAG_MIRROR_MOVE_AFFECTED | FLAG_KINGS_ROCK_AFFECTED
FAKE_OUT, EFFECT_FAKE_OUT,40,NORMAL,100,10,0, MOVE_TARGET_SELECTED,1, FLAG_PROTECT_AFFECTED | FLAG_MIRROR_MOVE_AFFECTED
UPROAR, EFFECT_UPROAR,50,NORMAL,100,10,100, MOVE_TARGET_RANDOM,0, FLAG_PROTECT_AFFECTED | FLAG_MIRROR_MOVE_AFFECTED | FLAG_KINGS_ROCK_AFFECTED
STOCKPILE, EFFECT_STOCKPILE,0,NORMAL,0,10,0, MOVE_TARGET_USER,0, FLAG_SNATCH_AFFECTED
SPIT_UP, EFFECT_SPIT_UP,100,NORMAL,100,10,0, MOVE_TARGET_SELECTED,0, FLAG_PROTECT_AFFECTED | FLAG_KINGS_ROCK_AFFECTED
SWALLOW, EFFECT_SWALLOW,0,NORMAL,0,10,0, MOVE_TARGET_USER,0, FLAG_SNATCH_AFFECTED
HEAT_WAVE, EFFECT_BURN_HIT,100,FIRE,90,10,10, MOVE_TARGET_BOTH,0, FLAG_PROTECT_AFFECTED | FLAG_MIRROR_MOVE_AFFECTED
HAIL, EFFECT_HAIL,0,ICE,0,10,0, MOVE_TARGET_USER,0, FLAG_PROTECT_AFFECTED
TORMENT, EFFECT_TORMENT,0,DARK,100,15,0, MOVE_TARGET_SELECTED,0, FLAG_PROTECT_AFFECTED | FLAG_MIRROR_MOVE_AFFECTED
FLATTER, EFFECT_FLATTER,0,DARK,100,15,0, MOVE_TARGET_SELECTED,0, FLAG_PROTECT_AFFECTED | FLAG_MAGIC_COAT_AFFECTED | FLAG_MIRROR_MOVE_AFFECTED
WILL_O_WISP, EFFECT_WILL_O_WISP,0,FIRE,75,15,0, MOVE_TARGET_SELECTED,0, FLAG_PROTECT_AFFECTED | FLAG_MAGIC_COAT_AFFECTED | FLAG_MIRROR_MOVE_AFFECTED
MEMENTO, EFFECT_MEMENTO,0,DARK,100,10,0, MOVE_TARGET_SELECTED,0, FLAG_PROTECT_AFFECTED | FLAG_MIRROR_MOVE_AFFECTED
FACADE, EFFECT_FACADE,70,NORMAL,100,20,0, MOVE_TARGET_SELECTED,0, FLAG_MAKES_CONTACT | FLAG_PROTECT_AFFECTED | FLAG_MIRROR_MOVE_AFFECTED
FOCUS_PUNCH, EFFECT_FOCUS_PUNCH,150,FIGHTING,100,20,0, MOVE_TARGET_SELECTED,-3, FLAG_MAKES_CONTACT | FLAG_PROTECT_AFFECTED
SMELLING_SALT, EFFECT_SMELLINGSALT,60,NORMAL,100,10,0, MOVE_TARGET_SELECTED,0, FLAG_MAKES_CONTACT | FLAG_PROTECT_AFFECTED | FLAG_MIRROR_MOVE_AFFECTED
FOLLOW_ME, EFFECT_FOLLOW_ME,0,NORMAL,100,20,0, MOVE_TARGET_USER,3,0
NATURE_POWER, EFFECT_NATURE_POWER,0,NORMAL,95,20,0, MOVE_TARGET_DEPENDS,0,0
CHARGE, EFFECT_CHARGE,0,ELECTRIC,100,20,0, MOVE_TARGET_USER,0, FLAG_SNATCH_AFFECTED
TAUNT, EFFECT_TAUNT,0,DARK,100,20,0, MOVE_TARGET_SELECTED,0, FLAG_PROTECT_AFFECTED
HELPING_HAND, EFFECT_HELPING_HAND,0,NORMAL,100,20,0, MOVE_TARGET_USER,5,0
TRICK, EFFECT_TRICK,0,PSYCHIC,100,10,0, MOVE_TARGET_SELECTED,0, FLAG_PROTECT_AFFECTED | FLAG_MIRROR_MOVE_AFFECTED
ROLE_PLAY, EFFECT_ROLE_PLAY,0,PSYCHIC,100,10,0, MOVE_TARGET_SELECTED,0,0
WISH, EFFECT_WISH,0,NORMAL,100,10,0, MOVE_TARGET_USER,0, FLAG_PROTECT_AFFECTED
ASSIST, EFFECT_ASSIST,0,NORMAL,100,20,0, MOVE_TARGET_DEPENDS,0,0
INGRAIN, EFFECT_INGRAIN,0,GRASS,100,20,0, MOVE_TARGET_USER,0, FLAG_SNATCH_AFFECTED
SUPERPOWER, EFFECT_SUPERPOWER,120,FIGHTING,100,5,0, MOVE_TARGET_SELECTED,0, FLAG_MAKES_CONTACT | FLAG_PROTECT_AFFECTED | FLAG_MIRROR_MOVE_AFFECTED
MAGIC_COAT, EFFECT_MAGIC_COAT,0,PSYCHIC,100,15,0, MOVE_TARGET_DEPENDS,4,0
RECYCLE, EFFECT_RECYCLE,0,NORMAL,100,10,0, MOVE_TARGET_USER,0,0
REVENGE, EFFECT_REVENGE,60,FIGHTING,100,10,0, MOVE_TARGET_SELECTED,-4, FLAG_MAKES_CONTACT | FLAG_PROTECT_AFFECTED | FLAG_MIRROR_MOVE_AFFECTED | FLAG_KINGS_ROCK_AFFECTED
BRICK_BREAK, EFFECT_BRICK_BREAK,75,FIGHTING,100,15,0, MOVE_TARGET_SELECTED,0, FLAG_MAKES_CONTACT | FLAG_PROTECT_AFFECTED | FLAG_MIRROR_MOVE_AFFECTED | FLAG_KINGS_ROCK_AFFECTED
YAWN, EFFECT_YAWN,0,NORMAL,100,10,0, MOVE_TARGET_SELECTED,0, FLAG_PROTECT_AFFECTED | FLAG_MAGIC_COAT_AFFECTED | FLAG_MIRROR_MOVE_AFFECTED
KNOCK_OFF, EFFECT_KNOCK_OFF,20,DARK,100,20,100, MOVE_TARGET_SELECTED,0, FLAG_MAKES_CONTACT | FLAG_PROTECT_AFFECTED | FLAG_MIRROR_MOVE_AFFECTED
ENDEAVOR, EFFECT_ENDEAVOR,1,NORMAL,100,5,0, MOVE_TARGET_SELECTED,0, FLAG_MAKES_CONTACT | FLAG_PROTECT_AFFECTED | FLAG_MIRROR_MOVE_AFFECTED | FLAG_KINGS_ROCK_AFFECTED
ERUPTION, EFFECT_ERUPTION,150,FIRE,100,5,0, MOVE_TARGET_BOTH,0, FLAG_PROTECT_AFFECTED | FLAG_MIRROR_MOVE_AFFECTED | FLAG_KINGS_ROCK_AFFECTED
SKILL_SWAP, EFFECT_SKILL_SWAP,0,PSYCHIC,100,10,0, MOVE_TARGET_SELECTED,0, FLAG_PROTECT_AFFECTED | FLAG_MIRROR_MOVE_AFFECTED
IMPRISON, EFFECT_IMPRISON,0,PSYCHIC,100,10,0, MOVE_TARGET_USER,0, FLAG_PROTECT_AFFECTED
REFRESH, EFFECT_REFRESH,0,NORMAL,100,20,0, MOVE_TARGET_USER,0, FLAG_SNATCH_AFFECTED
GRUDGE, EFFECT_GRUDGE,0,GHOST,100,5,0, MOVE_TARGET_USER,0, FLAG_PROTECT_AFFECTED | FLAG_MIRROR_MOVE_AFFECTED
SNATCH, EFFECT_SNATCH,0,DARK,100,10,0, MOVE_TARGET_DEPENDS,4, FLAG_MIRROR_MOVE_AFFECTED
SECRET_POWER, EFFECT_SECRET_POWER,70,NORMAL,100,20,30, MOVE_TARGET_SELECTED,0, FLAG_PROTECT_AFFECTED | FLAG_MIRROR_MOVE_AFFECTED
DIVE, EFFECT_SEMI_INVULNERABLE,60,WATER,100,10,0, MOVE_TARGET_SELECTED,0, FLAG_MAKES_CONTACT | FLAG_PROTECT_AFFECTED | FLAG_MIRROR_MOVE_AFFECTED | FLAG_KINGS_ROCK_AFFECTED
ARM_THRUST, EFFECT_MULTI_HIT,15,FIGHTING,100,20,0, MOVE_TARGET_SELECTED,0, FLAG_MAKES_CONTACT | FLAG_PROTECT_AFFECTED | FLAG_MIRROR_MOVE_AFFECTED | FLAG_KINGS_ROCK_AFFECTED
CAMOUFLAGE, EFFECT_CAMOUFLAGE,0,NORMAL,100,20,0, MOVE_TARGET_USER,0, FLAG_SNATCH_AFFECTED
TAIL_GLOW, EFFECT_SPECIAL_ATTACK_UP_2,0,BUG,100,20,0, MOVE_TARGET_USER,0, FLAG_SNATCH_AFFECTED
LUSTER_PURGE, EFFECT_SPECIAL_DEFENSE_DOWN_HIT,70,PSYCHIC,100,5,50, MOVE_TARGET_SELECTED,0, FLAG_PROTECT_AFFECTED | FLAG_MIRROR_MOVE_AFFECTED
MIST_BALL, EFFECT_SPECIAL_ATTACK_DOWN_HIT,70,PSYCHIC,100,5,50, MOVE_TARGET_SELECTED,0, FLAG_PROTECT_AFFECTED | FLAG_MIRROR_MOVE_AFFECTED
FEATHER_DANCE, EFFECT_ATTACK_DOWN_2,0,FLYING,100,15,0, MOVE_TARGET_SELECTED,0, FLAG_PROTECT_AFFECTED | FLAG_MAGIC_COAT_AFFECTED | FLAG_MIRROR_MOVE_AFFECTED
TEETER_DANCE, EFFECT_TEETER_DANCE,0,NORMAL,100,20,0, MOVE_TARGET_FOES_AND_ALLY,0, FLAG_PROTECT_AFFECTED
BLAZE_KICK, EFFECT_BLAZE_KICK,85,FIRE,90,10,10, MOVE_TARGET_SELECTED,0, FLAG_MAKES_CONTACT | FLAG_PROTECT_AFFECTED | FLAG_MIRROR_MOVE_AFFECTED
MUD_SPORT, EFFECT_MUD_SPORT,0,GROUND,100,15,0, MOVE_TARGET_USER,0,0
ICE_BALL, EFFECT_ROLLOUT,30,ICE,90,20,0, MOVE_TARGET_SELECTED,0, FLAG_MAKES_CONTACT | FLAG_PROTECT_AFFECTED | FLAG_MIRROR_MOVE_AFFECTED | FLAG_KINGS_ROCK_AFFECTED
NEEDLE_ARM, EFFECT_FLINCH_MINIMIZE_HIT,60,GRASS,100,15,30, MOVE_TARGET_SELECTED,0, FLAG_MAKES_CONTACT | FLAG_PROTECT_AFFECTED | FLAG_MIRROR_MOVE_AFFECTED
SLACK_OFF, EFFECT_RESTORE_HP,0,NORMAL,100,10,0, MOVE_TARGET_USER,0, FLAG_SNATCH_AFFECTED
HYPER_VOICE, EFFECT_HIT,90,NORMAL,100,10,0, MOVE_TARGET_BOTH,0, FLAG_PROTECT_AFFECTED | FLAG_MIRROR_MOVE_AFFECTED
POISON_FANG, EFFECT_POISON_FANG,50,POISON,100,15,30, MOVE_TARGET_SELECTED,0, FLAG_MAKES_CONTACT | FLAG_PROTECT_AFFECTED | FLAG_MIRROR_MOVE_AFFECTED
CRUSH_CLAW, EFFECT_DEFENSE_DOWN_HIT,75,NORMAL,95,10,50, MOVE_TARGET_SELECTED,0, FLAG_MAKES_CONTACT | FLAG_PROTECT_AFFECTED | FLAG_MIRROR_MOVE_AFFECTED
BLAST_BURN, EFFECT_RECHARGE,150,FIRE,90,5,0, MOVE_TARGET_SELECTED,0, FLAG_PROTECT_AFFECTED | FLAG_MIRROR_MOVE_AFFECTED | FLAG_KINGS_ROCK_AFFECTED
HYDRO_CANNON, EFFECT_RECHARGE,150,WATER,90,5,0, MOVE_TARGET_SELECTED,0, FLAG_PROTECT_AFFECTED | FLAG_MIRROR_MOVE_AFFECTED | FLAG_KINGS_ROCK_AFFECTED
METEOR_MASH, EFFECT_ATTACK_UP_HIT,100,STEEL,85,10,20, MOVE_TARGET_SELECTED,0, FLAG_MAKES_CONTACT | FLAG_PROTECT_AFFECTED | FLAG_MIRROR_MOVE_AFFECTED | FLAG_KINGS_ROCK_AFFECTED
ASTONISH, EFFECT_FLINCH_MINIMIZE_HIT,30,GHOST,100,15,30, MOVE_TARGET_SELECTED,0, FLAG_MAKES_CONTACT | FLAG_PROTECT_AFFECTED | FLAG_MIRROR_MOVE_AFFECTED
WEATHER_BALL, EFFECT_WEATHER_BALL,50,NORMAL,100,10,0, MOVE_TARGET_SELECTED,0, FLAG_PROTECT_AFFECTED | FLAG_MIRROR_MOVE_AFFECTED | FLAG_KINGS_ROCK_AFFECTED
AROMATHERAPY, EFFECT_HEAL_BELL,0,GRASS,0,5,0, MOVE_TARGET_USER,0, FLAG_SNATCH_AFFECTED
FAKE_TEARS, EFFECT_SPECIAL_DEFENSE_DOWN_2,0,DARK,100,20,0, MOVE_TARGET_SELECTED,0, FLAG_PROTECT_AFFECTED | FLAG_MAGIC_COAT_AFFECTED | FLAG_MIRROR_MOVE_AFFECTED
AIR_CUTTER, EFFECT_HIGH_CRITICAL,55,FLYING,95,25,0, MOVE_TARGET_BOTH,0, FLAG_PROTECT_AFFECTED | FLAG_MIRROR_MOVE_AFFECTED | FLAG_KINGS_ROCK_AFFECTED
OVERHEAT, EFFECT_OVERHEAT,140,FIRE,90,5,100, MOVE_TARGET_SELECTED,0, FLAG_MAKES_CONTACT | FLAG_PROTECT_AFFECTED | FLAG_MIRROR_MOVE_AFFECTED | FLAG_KINGS_ROCK_AFFECTED
ODOR_SLEUTH, EFFECT_FORESIGHT,0,NORMAL,100,40,0, MOVE_TARGET_SELECTED,0, FLAG_PROTECT_AFFECTED | FLAG_MIRROR_MOVE_AFFECTED
ROCK_TOMB, EFFECT_SPEED_DOWN_HIT,50,ROCK,80,10,100, MOVE_TARGET_SELECTED,0, FLAG_PROTECT_AFFECTED | FLAG_MIRROR_MOVE_AFFECTED
SILVER_WIND, EFFECT_ALL_STATS_UP_HIT,60,BUG,100,5,10, MOVE_TARGET_SELECTED,0, FLAG_PROTECT_AFFECTED | FLAG_MIRROR_MOVE_AFFECTED | FLAG_KINGS_ROCK_AFFECTED
METAL_SOUND, EFFECT_SPECIAL_DEFENSE_DOWN_2,0,STEEL,85,40,0, MOVE_TARGET_SELECTED,0, FLAG_PROTECT_AFFECTED | FLAG_MAGIC_COAT_AFFECTED | FLAG_MIRROR_MOVE_AFFECTED
GRASS_WHISTLE, EFFECT_SLEEP,0,GRASS,55,15,0, MOVE_TARGET_SELECTED,0, FLAG_PROTECT_AFFECTED | FLAG_MAGIC_COAT_AFFECTED | FLAG_MIRROR_MOVE_AFFECTED
TICKLE, EFFECT_TICKLE,0,NORMAL,100,20,0, MOVE_TARGET_SELECTED,0, FLAG_PROTECT_AFFECTED | FLAG_MAGIC_COAT_AFFECTED | FLAG_MIRROR_MOVE_AFFECTED | FLAG_KINGS_ROCK_AFFECTED
COSMIC_POWER, EFFECT_COSMIC_POWER,0,PSYCHIC,0,20,0, MOVE_TARGET_USER,0, FLAG_SNATCH_AFFECTED
WATER_SPOUT, EFFECT_ERUPTION,150,WATER,100,5,0, MOVE_TARGET_BOTH,0, FLAG_PROTECT_AFFECTED | FLAG_MIRROR_MOVE_AFFECTED
SIGNAL_BEAM, EFFECT_CONFUSE_HIT,75,BUG,100,15,10, MOVE_TARGET_SELECTED,0, FLAG_PROTECT_AFFECTED | FLAG_MIRROR_MOVE_AFFECTED | FLAG_KINGS_ROCK_AFFECTED
SHADOW_PUNCH, EFFECT_ALWAYS_HIT,60,GHOST,0,20,0, MOVE_TARGET_SELECTED,0, FLAG_MAKES_CONTACT | FLAG_PROTECT_AFFECTED | FLAG_MIRROR_MOVE_AFFECTED | FLAG_KINGS_ROCK_AFFECTED
EXTRASENSORY, EFFECT_FLINCH_MINIMIZE_HIT,80,PSYCHIC,100,30,10, MOVE_TARGET_SELECTED,0, FLAG_PROTECT_AFFECTED | FLAG_MIRROR_MOVE_AFFECTED
SKY_UPPERCUT, EFFECT_SKY_UPPERCUT,85,FIGHTING,90,15,0, MOVE_TARGET_SELECTED,0, FLAG_MAKES_CONTACT | FLAG_PROTECT_AFFECTED | FLAG_MIRROR_MOVE_AFFECTED | FLAG_KINGS_ROCK_AFFECTED
SAND_TOMB, EFFECT_TRAP,15,GROUND,70,15,100, MOVE_TARGET_SELECTED,0, FLAG_PROTECT_AFFECTED | FLAG_MIRROR_MOVE_AFFECTED | FLAG_KINGS_ROCK_AFFECTED
SHEER_COLD, EFFECT_OHKO,1,ICE,30,5,0, MOVE_TARGET_SELECTED,0, FLAG_PROTECT_AFFECTED | FLAG_MIRROR_MOVE_AFFECTED
MUDDY_WATER, EFFECT_ACCURACY_DOWN_HIT,95,WATER,85,10,30, MOVE_TARGET_BOTH,0, FLAG_PROTECT_AFFECTED | FLAG_MIRROR_MOVE_AFFECTED | FLAG_KINGS_ROCK_AFFECTED
BULLET_SEED, EFFECT_MULTI_HIT,10,GRASS,100,30,0, MOVE_TARGET_SELECTED,0, FLAG_PROTECT_AFFECTED | FLAG_MIRROR_MOVE_AFFECTED | FLAG_KINGS_ROCK_AFFECTED
AERIAL_ACE, EFFECT_ALWAYS_HIT,60,FLYING,0,20,0, MOVE_TARGET_SELECTED,0, FLAG_MAKES_CONTACT | FLAG_PROTECT_AFFECTED | FLAG_MIRROR_MOVE_AFFECTED | FLAG_KINGS_ROCK_AFFECTED
ICICLE_SPEAR, EFFECT_MULTI_HIT,10,ICE,100,30,0, MOVE_TARGET_SELECTED,0, FLAG_PROTECT_AFFECTED | FLAG_MIRROR_MOVE_AFFECTED | FLAG_KINGS_ROCK_AFFECTED
IRON_DEFENSE, EFFECT_DEFENSE_UP_2,0,STEEL,0,15,0, MOVE_TARGET_USER,0, FLAG_SNATCH_AFFECTED
BLOCK, EFFECT_MEAN_LOOK,0,NORMAL,100,5,0, MOVE_TARGET_SELECTED,0, FLAG_PROTECT_AFFECTED | FLAG_MAGIC_COAT_AFFECTED | FLAG_MIRROR_MOVE_AFFECTED
HOWL, EFFECT_ATTACK_UP,0,NORMAL,0,40,0, MOVE_TARGET_USER,0, FLAG_SNATCH_AFFECTED
DRAGON_CLAW, EFFECT_HIT,80,DRAGON,100,15,0, MOVE_TARGET_SELECTED,0, FLAG_MAKES_CONTACT | FLAG_PROTECT_AFFECTED | FLAG_MIRROR_MOVE_AFFECTED | FLAG_KINGS_ROCK_AFFECTED
FRENZY_PLANT, EFFECT_RECHARGE,150,GRASS,90,5,0, MOVE_TARGET_SELECTED,0, FLAG_PROTECT_AFFECTED | FLAG_MIRROR_MOVE_AFFECTED | FLAG_KINGS_ROCK_AFFECTED
BULK_UP, EFFECT_BULK_UP,0,FIGHTING,0,20,0, MOVE_TARGET_USER,0, FLAG_SNATCH_AFFECTED
BOUNCE, EFFECT_SEMI_INVULNERABLE,85,FLYING,85,5,30, MOVE_TARGET_SELECTED,0, FLAG_MAKES_CONTACT | FLAG_PROTECT_AFFECTED | FLAG_MIRROR_MOVE_AFFECTED | FLAG_KINGS_ROCK_AFFECTED
MUD_SHOT, EFFECT_SPEED_DOWN_HIT,55,GROUND,95,15,100, MOVE_TARGET_SELECTED,0, FLAG_PROTECT_AFFECTED | FLAG_MIRROR_MOVE_AFFECTED | FLAG_KINGS_ROCK_AFFECTED
POISON_TAIL, EFFECT_POISON_TAIL,50,POISON,100,25,10, MOVE_TARGET_SELECTED,0, FLAG_MAKES_CONTACT | FLAG_PROTECT_AFFECTED | FLAG_MIRROR_MOVE_AFFECTED | FLAG_KINGS_ROCK_AFFECTED
COVET, EFFECT_THIEF,40,NORMAL,100,40,100, MOVE_TARGET_SELECTED,0, FLAG_PROTECT_AFFECTED | FLAG_MIRROR_MOVE_AFFECTED
VOLT_TACKLE, EFFECT_DOUBLE_EDGE,120,ELECTRIC,100,15,0, MOVE_TARGET_SELECTED,0, FLAG_MAKES_CONTACT | FLAG_PROTECT_AFFECTED | FLAG_MIRROR_MOVE_AFFECTED | FLAG_KINGS_ROCK_AFFECTED
MAGICAL_LEAF, EFFECT_ALWAYS_HIT,60,GRASS,0,20,0, MOVE_TARGET_SELECTED,0, FLAG_PROTECT_AFFECTED | FLAG_MIRROR_MOVE_AFFECTED | FLAG_KINGS_ROCK_AFFECTED
WATER_SPORT, EFFECT_WATER_SPORT,0,WATER,100,15,0, MOVE_TARGET_USER,0,0
CALM_MIND, EFFECT_CALM_MIND,0,PSYCHIC,0,20,0, MOVE_TARGET_USER,0, FLAG_SNATCH_AFFECTED
LEAF_BLADE, EFFECT_HIGH_CRITICAL,70,GRASS,100,15,0, MOVE_TARGET_SELECTED,0, FLAG_MAKES_CONTACT | FLAG_PROTECT_AFFECTED | FLAG_MIRROR_MOVE_AFFECTED | FLAG_KINGS_ROCK_AFFECTED
DRAGON_DANCE, EFFECT_DRAGON_DANCE,0,DRAGON,0,20,0, MOVE_TARGET_USER,0, FLAG_SNATCH_AFFECTED
ROCK_BLAST, EFFECT_MULTI_HIT,25,ROCK,80,10,0, MOVE_TARGET_SELECTED,0, FLAG_PROTECT_AFFECTED | FLAG_MIRROR_MOVE_AFFECTED | FLAG_KINGS_ROCK_AFFECTED
SHOCK_WAVE, EFFECT_ALWAYS_HIT,60,ELECTRIC,0,20,0, MOVE_TARGET_SELECTED,0, FLAG_PROTECT_AFFECTED | FLAG_MIRROR_MOVE_AFFECTED | FLAG_KINGS_ROCK_AFFECTED
WATER_PULSE, EFFECT_CONFUSE_HIT,60,WATER,100,20,20, MOVE_TARGET_SELECTED,0, FLAG_PROTECT_AFFECTED | FLAG_MIRROR_MOVE_AFFECTED | FLAG_KINGS_ROCK_AFFECTED
DOOM_DESIRE, EFFECT_FUTURE_SIGHT,120,STEEL,85,5,0, MOVE_TARGET_SELECTED,0,0
PSYCHO_BOOST, EFFECT_OVERHEAT,140,PSYCHIC,90,5,100, MOVE_TARGET_SELECTED,0, FLAG_PROTECT_AFFECTED | FLAG_MIRROR_MOVE_AFFECTED | FLAG_KINGS_ROCK_AFFECTED
